City_ID,City,Lat,Lng,Max Temp,Humidity,Cloudiness,Wind Speed,Country,Date
0,puerto ayora,-0.7393,-90.3518,293.37,83,56,4.47,EC,1722901152
1,aripuana,-9.1667,-60.6333,299.19,37,2,1.14,BR,1722901153
2,wick,58.4333,-3.0833,285.18,100,75,2.06,GB,1722901154
3,nemuro,43.3236,145.575,290.4,97,89,3.37,JP,1722901155
4,yasinya,48.2794,24.3604,285.45,99,100,1.08,UA,1722901156
5,badger,64.8,-147.5333,303.35,32,20,4.63,US,1722901157
6,lindi,-10.0,39.7167,290.43,93,2,1.91,TZ,1722901159
7,masterton,-40.9597,175.6575,285.86,66,0,0.71,NZ,1722901160
8,atafu village,-8.5421,-172.5159,301.3,73,81,2.58,TK,1722901161
9,bredasdorp,-34.5322,20.0403,280.58,85,0,3.44,ZA,1722901162
10,palopo,-2.9996,120.1921,299.21,76,31,0.72,ID,1722900923
11,kulhudhuffushi,6.6221,73.07,300.94,78,100,4.2,MV,1722901164
12,victoria de durango,24.0333,-104.6667,302.94,21,40,3.6,MX,1722900930
13,alo,6.5486,4.2686,297.92,82,100,4.46,NG,1722901166
14,georgetown,5.4112,100.3354,300.9,78,40,5.14,MY,1722900966
15,stanley,54.868,-1.6985,292.33,85,20,2.57,GB,1722901127
16,west island,-12.1568,96.8225,299.14,73,20,4.63,CC,1722901169
17,grytviken,-54.2811,-36.5092,262.85,77,100,5.17,GS,1722901170
18,polyarnyy,69.1989,33.4478,281.39,74,3,1.8,RU,1722901074
19,fort mcmurray,56.7268,-111.381,293.92,52,0,6.17,CA,1722900777
20,duong dong,10.2167,103.9667,301.15,89,40,5.14,VN,1722901173
21,tiksi,71.6872,128.8694,288.04,64,100,3.23,RU,1722901174
22,papatowai,-46.5619,169.4708,284.67,58,22,3.58,NZ,1722901175
23,bilibino,68.0546,166.4372,278.05,57,95,0.51,RU,1722901117
24,tazacorte,28.629,-17.9293,295.69,93,20,5.66,ES,1722901178
25,shipunovo,52.1582,82.2173,289.29,86,71,2.86,RU,1722901179
26,kerikeri,-35.2268,173.9474,289.77,72,42,2.68,NZ,1722901180
27,tura,25.5198,90.2201,297.17,99,100,1.89,IN,1722901181
28,port-aux-francais,-49.35,70.2167,274.84,86,85,10.99,TF,1722901182
29,isafjordur,66.0755,-23.124,279.8,96,100,10.14,IS,1722901183
30,papao,-17.75,-149.55,300.74,76,6,6.91,PF,1722901184
31,sandnessjoen,66.0217,12.6316,287.44,70,59,6.84,NO,1722901185
32,thompson,55.7435,-97.8558,296.24,33,75,2.06,CA,1722901186
33,waitangi,-43.9535,-176.5597,283.61,85,56,2.24,NZ,1722901187
34,tralee,52.2704,-9.7026,283.59,96,2,2.37,IE,1722901188
35,edinburgh of the seven seas,-37.0676,-12.3116,286.71,95,97,10.61,SH,1722901115
36,norderney,53.7,7.15,290.36,85,6,6.04,DE,1722901190
37,holualoa,19.6228,-155.9522,299.06,84,40,4.12,US,1722901073
38,hotan,37.0997,79.9269,300.87,32,56,1.86,CN,1722901192
39,montmagny,48.9734,2.3469,294.31,52,0,1.54,FR,1722901193
40,iranshahr,27.2025,60.6848,303.31,57,44,1.79,IR,1722901195
41,alice,27.7523,-98.0697,306.77,46,55,5.22,US,1722901196
42,hermanus,-34.4187,19.2345,280.82,78,5,5.32,ZA,1722901197
43,blackmans bay,-43.0167,147.3167,283.56,68,100,0.45,AU,1722901198
44,lompoc,34.6391,-120.4579,297.36,72,0,6.17,US,1722901199
45,uturoa,-16.7333,-151.4333,298.99,78,37,7.52,PF,1722901200
46,labrador city,52.9463,-66.9114,285.1,76,100,4.63,CA,1722901201
47,howard springs,-12.497,131.047,298.64,81,37,3.6,AU,1722901202
48,colonia,50.9333,6.95,292.57,82,0,1.54,DE,1722901157
49,keflavik,64.0049,-22.5624,284.1,100,100,3.6,IS,1722901204
50,solnechnyy,50.7214,136.6319,293.07,99,100,1.77,RU,1722901205
51,adamstown,-25.066,-130.1015,292.24,72,42,5.96,PN,1722901206
52,saudarkrokur,65.7461,-19.6394,283.19,91,97,1.06,IS,1722901207
53,mariental,-24.6333,17.9667,281.79,44,0,4.48,NA,1722901208
54,enewetak,11.3474,162.3373,302.22,71,92,3.14,MH,1722901209
55,iqaluit,63.7506,-68.5145,281.0,75,100,2.57,CA,1722901210
56,chonchi,-42.6128,-73.8092,280.71,96,100,3.29,CL,1722901211
57,dem'yanovo,60.3511,47.0842,285.93,99,36,1.69,RU,1722901213
58,olonkinbyen,70.9221,-8.7187,279.43,98,100,2.75,SJ,1722901214
59,montenegro,42.5,19.3,296.01,44,0,2.06,ME,1722901216
60,utrik,11.2278,169.8474,301.36,80,98,6.21,MH,1722901217
61,chilecito,-29.1619,-67.4974,286.34,25,0,1.24,AR,1722901138
62,anadyr,64.75,177.4833,279.43,75,40,6.0,RU,1722901142
63,port elizabeth,-33.918,25.5701,283.31,73,0,1.54,ZA,1722901221
64,fortuna,40.5982,-124.1573,289.81,93,100,3.6,US,1722901222
65,ad dabbah,18.05,30.95,301.98,62,91,9.9,SD,1722901223
66,yellowknife,62.456,-114.3525,296.16,39,75,3.09,CA,1722901225
67,erdenet,49.0333,104.0833,288.04,82,83,1.3,MN,1722901226
68,dunda,-8.1167,34.25,287.52,53,2,1.72,TZ,1722901227
69,puerto natales,-51.7236,-72.4875,270.63,94,24,0.94,CL,1722901228
70,gadani,25.1185,66.7299,301.27,86,100,3.49,PK,1722901229
71,nar'yan-mar,67.6713,53.087,277.45,86,8,4.28,RU,1722901230
72,kalmunai,7.4167,81.8167,299.9,83,99,2.15,LK,1722901231
73,ushuaia,-54.8,-68.3,269.96,74,0,2.57,AR,1722901232
74,severo-yeniseyskiy,60.3725,93.0408,288.29,90,95,1.25,RU,1722901064
75,mount isa,-20.7333,139.5,292.02,52,86,3.6,AU,1722901234
76,ta`u,-14.2336,-169.5144,298.98,71,20,1.54,AS,1722901235
77,grand falls-windsor,48.9332,-55.6649,296.21,87,94,3.18,CA,1722901236
78,hun,29.1268,15.9477,304.05,18,0,5.38,LY,1722901237
79,naze,28.3667,129.4833,302.66,80,40,4.07,JP,1722901238
80,alakurtti,66.9672,30.3491,283.09,73,40,1.19,RU,1722901239
81,thinadhoo,0.5333,72.9333,301.53,70,100,1.49,MV,1722901240
82,chifeng,42.2683,118.9636,297.37,55,1,1.72,CN,1722901241
83,ust'-uda,54.1742,103.0304,290.51,71,2,0.85,RU,1722901242
84,albany,42.6001,-73.9662,299.46,71,86,1.87,US,1722901059
85,veraval,20.9,70.3667,300.74,84,100,7.46,IN,1722901245
86,buka,40.8108,69.1986,293.65,32,1,3.24,UZ,1722901246
87,bovril,-31.3431,-59.4451,288.1,96,100,2.24,AR,1722901247
88,queenstown,-31.8976,26.8753,279.95,28,0,2.39,ZA,1722901248
89,whitefish,48.4111,-114.3376,297.01,57,0,2.06,US,1722901249
90,al muharraq,26.2572,50.6119,308.13,34,0,0.45,BH,1722901250
91,tamanrasset,22.785,5.5228,303.1,23,40,1.03,DZ,1722901251
92,abu dhabi,24.4667,54.3667,309.23,69,20,2.57,AE,1722901121
93,port douglas,-16.4833,145.4667,295.6,72,8,3.43,AU,1722901253
94,chernyshevskiy,63.0128,112.4714,288.07,83,98,1.63,RU,1722901254
95,st. john's,47.5649,-52.7093,294.35,97,75,9.26,CA,1722901256
96,aioun,16.6614,-9.6149,302.72,63,74,5.39,MR,1722901257
97,lorengau,-2.0226,147.2712,302.03,72,61,4.07,PG,1722901258
98,shetpe,44.1667,52.1167,302.22,31,57,0.59,KZ,1722901259
99,ostersund,63.1792,14.6357,290.4,82,75,3.6,SE,1722901260
100,fale old settlement,-9.3852,-171.2468,301.2,75,100,4.52,TK,1722901261
101,minot,48.2325,-101.2963,290.38,77,100,2.57,US,1722901096
102,dudinka,69.4058,86.1778,281.85,63,74,8.74,RU,1722901264
103,port alfred,-33.5906,26.891,285.86,63,0,3.33,ZA,1722901265
104,kapchorwa,1.3965,34.4509,286.78,90,84,1.31,UG,1722901266
105,san bartolo,19.1833,-100.05,289.48,92,88,1.19,MX,1722901267
106,kapa'a,22.0752,-159.319,302.33,68,20,5.66,US,1722901268
107,malango,-2.9627,119.9001,295.07,84,18,0.83,ID,1722901269
108,bethel,41.3712,-73.414,300.94,80,43,2.96,US,1722901270
109,neverkino,52.7854,46.7417,291.58,68,67,1.13,RU,1722901271
110,longyearbyen,78.2186,15.6401,282.06,87,75,4.63,SJ,1722901119
111,nioki,-2.7167,17.6833,298.86,57,49,1.57,CD,1722901274
112,vilyuysk,63.7553,121.6247,290.0,63,56,2.87,RU,1722901275
113,kruisfontein,-34.0033,24.7314,281.86,55,0,1.92,ZA,1722901145
114,udachny,66.4167,112.4,282.37,78,98,8.62,RU,1722901124
115,grass valley,39.2191,-121.0611,308.4,25,0,1.34,US,1722901280
116,la'ie,21.6477,-157.9253,304.13,72,87,4.92,US,1722901186
117,pisco,-13.7,-76.2167,290.18,82,0,6.69,PE,1722901141
118,birao,10.2849,22.7882,294.59,94,24,2.02,CF,1722901283
119,wanganui,-39.9333,175.05,284.55,72,98,2.38,NZ,1722901284
120,sitka,57.0531,-135.33,293.09,73,0,2.57,US,1722901285
121,ribeira grande,38.5167,-28.7,298.02,92,40,3.58,PT,1722901287
122,svetlyy,54.675,20.1347,292.18,94,19,3.15,RU,1722901288
123,pasuquin,18.3328,120.6177,300.12,89,75,2.06,PH,1722901184
124,mikuni,36.2171,136.1519,301.1,78,14,1.43,JP,1722901290
125,hammerfest,70.6634,23.6821,288.97,58,8,4.0,NO,1722901291
126,ust-nera,64.5667,143.2,290.18,47,100,1.92,RU,1722901292
127,xiva,41.3783,60.3639,294.14,17,0,4.23,UZ,1722901293
128,lerwick,60.1545,-1.1494,287.15,99,99,2.74,GB,1722901294
129,machico,32.7,-16.7667,297.5,74,40,3.6,PT,1722901296
130,wenchang,30.904,118.4887,302.56,60,60,1.14,CN,1722901298
131,talnakh,69.4865,88.3972,284.08,59,59,1.92,RU,1722901299
132,deqen,29.9618,90.7188,281.77,90,84,1.33,CN,1722901300
133,latakia,35.5148,35.7768,301.28,69,0,6.22,SY,1722901301
134,glendive,47.1053,-104.7125,292.94,72,100,6.69,US,1722901302
135,port mathurin,-19.6833,63.4167,295.31,78,16,6.02,MU,1722901303
136,yaguachi nuevo,-2.1167,-79.6833,302.14,65,48,5.07,EC,1722901304
137,mahibadhoo,3.7833,72.9667,301.38,71,100,4.9,MV,1722901305
138,flying fish cove,-10.4217,105.6791,296.97,94,100,5.14,CX,1722901300
139,wenling,28.3669,121.36,301.52,77,1,1.12,CN,1722901307
140,jamestown,42.097,-79.2353,297.05,96,100,2.06,US,1722901308
141,dali,25.7,100.1833,290.64,93,80,1.09,CN,1722901309
142,monrovia,6.3005,-10.7969,298.02,86,49,4.22,LR,1722901226
143,lukolela,-1.0605,17.1821,297.19,68,93,1.05,CD,1722901311
144,salinopolis,-0.6136,-47.3561,300.29,78,36,6.56,BR,1722901312
145,tindouf,27.6711,-8.1474,309.4,9,1,5.66,DZ,1722901313
146,afaahiti,-17.75,-149.2833,299.85,80,46,6.91,PF,1722901315
147,haiku-pauwela,20.9219,-156.3051,302.18,69,40,10.29,US,1722901316
148,loreto,22.2667,-101.9667,298.21,32,2,7.79,MX,1722901021
149,lesnikovo,55.2822,65.3175,289.49,96,96,2.65,RU,1722901318
150,college,64.8569,-147.8028,303.4,33,20,4.63,US,1722901306
151,vila velha,-20.3297,-40.2925,295.12,92,0,2.06,BR,1722901183
152,avarua,-21.2078,-159.775,299.18,78,20,5.66,CK,1722901319
153,gorontalo,0.5412,123.0595,299.83,79,69,0.68,ID,1722901322
154,yukuhashi,33.7287,130.983,304.96,79,20,2.57,JP,1722901323
155,kodinsk,58.6881,99.1844,290.68,67,8,1.58,RU,1722901324
156,san francisco de la paz,14.9,-86.2,304.99,88,80,1.89,HN,1722901325
157,narvik,68.4384,17.4272,292.25,61,93,2.7,NO,1722901326
158,ende,-8.8432,121.6623,297.46,79,65,2.02,ID,1722901327
159,puerto baquerizo moreno,-0.9,-89.6,293.34,82,49,5.66,EC,1722901192
160,saint johnsbury,44.4192,-72.0151,293.73,95,100,0.0,US,1722901329
161,cabo san lucas,22.8909,-109.9124,306.76,56,0,6.69,MX,1722901330
162,hawaiian paradise park,19.5933,-154.9731,300.88,70,0,4.63,US,1722901263
163,nguigmi,14.2495,13.1092,299.75,73,100,3.23,NE,1722901333
164,saipan,15.1355,145.701,303.54,79,75,2.57,MP,1722901334
165,east london,-33.0153,27.9116,286.51,53,0,2.86,ZA,1722901335
166,bamboo flat,11.7,92.7167,299.2,94,75,1.03,IN,1722901336
167,invercargill,-46.4,168.35,285.38,70,63,4.02,NZ,1722901337
168,klyuchi,52.2667,79.1667,291.41,67,59,2.67,RU,1722901338
169,bria,6.5423,21.9863,293.61,96,69,1.13,CF,1722901339
170,saldanha,-33.0117,17.9442,279.18,84,0,2.79,ZA,1722901340
171,sur,22.5667,59.5289,301.94,69,100,3.22,OM,1722901341
172,la passe,45.5549,-0.8967,294.28,90,0,3.3,FR,1722901342
173,aasiaat,68.7098,-52.8699,277.38,90,57,2.69,GL,1722901343
174,el bolson,-41.9667,-71.5167,275.21,98,96,1.78,AR,1722901344
175,wailua homesteads,22.0669,-159.378,301.59,71,20,5.66,US,1722901345
176,selfoss,63.9331,-20.9971,283.73,97,100,1.72,IS,1722901346
177,gore,-46.1028,168.9436,283.19,64,25,2.86,NZ,1722901349
178,dalbandin,28.8947,64.4101,302.48,61,58,4.06,PK,1722901350
179,santiago de surco,-12.15,-77.0167,290.89,81,40,4.63,PE,1722901351
180,catia la mar,10.6038,-67.0303,302.03,75,95,4.12,VE,1722901352
181,guangyuan,32.442,105.823,299.43,88,5,0.59,CN,1722901353
182,revda,56.801,59.9303,287.41,94,97,3.37,RU,1722901354
183,dubbo,-32.25,148.6167,282.22,93,75,1.03,AU,1722901231
184,tapejara,-28.0681,-52.0139,290.41,86,57,0.64,BR,1722901214
185,kedougou,12.5579,-12.1743,299.47,89,20,5.14,SN,1722901357
186,khandyga,62.6667,135.6,284.03,90,100,2.98,RU,1722901358
187,trinidad,-14.8333,-64.9,301.14,69,40,2.57,BO,1722901220
188,hunchun,42.8675,130.3581,294.39,99,100,1.13,CN,1722901360
189,pihuamo,19.2499,-103.3828,302.08,94,80,0.97,MX,1722901362
190,rawson,-43.3002,-65.1023,282.52,76,100,1.01,AR,1722901132
191,tidjikja,18.5564,-11.4271,303.42,53,50,5.77,MR,1722901364
192,bhopal,23.2667,77.4,297.14,93,57,1.79,IN,1722900828
193,vilyuchinsk,52.9306,158.4028,287.3,79,100,2.16,RU,1722901367
194,leava,-14.3,-178.1667,299.36,80,72,8.63,WF,1722901368
195,walvis bay,-22.9575,14.5053,283.76,86,0,2.09,NA,1722901369
196,constantia,44.1833,28.65,292.53,65,34,4.73,RO,1722901370
197,itacare,-14.2775,-38.9967,295.07,72,0,3.75,BR,1722901371
198,sao joao da barra,-21.6403,-41.0511,295.2,84,0,8.65,BR,1722901372
199,nuku'alofa,-21.1333,-175.2,297.34,60,40,3.09,TO,1722900914
200,broome,42.2506,-75.833,294.93,87,40,3.09,US,1722901374
201,hasaki,35.7333,140.8333,303.37,78,3,3.42,JP,1722901375
202,rundu,-17.9333,19.7667,286.71,27,0,2.99,NA,1722901376
203,lejanias,3.5251,-74.0216,293.63,94,69,1.07,CO,1722901377
204,alice springs,-23.7,133.8833,281.9,87,0,3.09,AU,1722901378
205,rosario,-32.9468,-60.6393,289.23,74,100,3.58,AR,1722901379
206,gadzhiyevo,69.2551,33.3362,280.93,76,2,1.58,RU,1722901381
207,puerto san jose,13.9256,-90.8244,304.18,62,75,3.09,GT,1722901382
208,wete,-5.0559,39.7294,295.27,86,1,2.7,TZ,1722901383
209,taulaga,-11.0553,-171.0883,300.28,81,46,5.53,AS,1722900818
210,mirnyy,62.5353,113.9611,289.27,67,93,2.25,RU,1722901386
211,kone,-21.0595,164.8658,296.99,43,4,2.0,NC,1722900869
212,sinop,41.7711,34.8709,289.8,95,56,0.94,TR,1722901141
213,kita,13.0349,-9.4895,295.56,95,56,0.87,ML,1722901390
214,hadibu,12.65,54.0333,298.39,81,36,8.9,YE,1722900968
215,qaqortoq,60.7167,-46.0333,281.77,79,100,0.53,GL,1722901392
216,namibe,-15.1961,12.1522,290.62,89,75,0.04,AO,1722901393
217,codrington,-38.2667,141.9667,283.38,83,78,7.15,AU,1722901394
218,poggiardo,40.0542,18.3791,298.19,65,0,3.29,IT,1722901395
219,whitby,54.4877,-0.615,293.88,82,37,0.89,GB,1722901396
220,hamilton,39.1834,-84.5333,305.62,56,0,3.6,US,1722901257
221,suncho corral,-27.9336,-63.4294,293.28,46,0,2.7,AR,1722901398
222,kingston,17.997,-76.7936,304.68,70,20,6.17,JM,1722901199
223,rongelap,11.1635,166.8941,301.82,77,100,6.0,MH,1722901400
224,port macquarie,-31.4333,152.9167,289.76,72,74,2.24,AU,1722901401
225,topeka,39.0483,-95.678,310.31,36,0,5.14,US,1722901129
226,alofi,-19.0595,-169.9187,297.09,83,100,3.09,NU,1722901404
227,pokhara,28.2333,83.9833,294.71,94,100,0.48,NP,1722901405
228,ghat,24.9647,10.1728,303.89,18,0,2.39,LY,1722900848
229,akjoujt,19.6969,-14.4164,303.72,44,89,6.7,MR,1722901408
230,samana,19.2056,-69.3369,300.13,89,2,2.88,DO,1722901409
231,swabi,34.1199,72.4699,301.49,80,92,2.84,PK,1722901410
232,bucerias,20.75,-105.3333,303.14,83,100,0.0,MX,1722901411
233,punta arenas,-53.15,-70.9167,272.21,86,20,3.09,CL,1722901412
234,lihue,21.9789,-159.3672,301.92,67,20,5.66,US,1722901413
235,labytnangi,66.6572,66.4183,278.64,71,8,4.48,RU,1722901414
236,petropavlovsk-kamchatsky,53.0452,158.6483,287.48,94,100,3.0,RU,1722901415
237,strazhitsa,43.2333,25.9667,292.04,63,66,1.88,BG,1722901416
238,duminichi,53.9345,35.1099,288.09,87,97,1.51,RU,1722901417
239,tiangua,-3.7322,-40.9917,294.54,48,76,1.87,BR,1722901418
240,dalandzadgad,43.5708,104.425,298.47,29,88,2.62,MN,1722901419
241,ilulissat,69.2167,-51.1,282.16,76,0,2.06,GL,1722901420
242,minas,-34.3759,-55.2377,287.63,94,100,9.04,UY,1722901422
243,abepura,-2.6333,140.5833,300.6,83,20,3.6,ID,1722901424
244,akune,32.0167,130.2,302.66,77,62,0.77,JP,1722901425
245,vorgashor,67.5833,63.95,277.88,75,9,2.51,RU,1722901426
246,dauphin,51.1494,-100.0502,296.23,40,0,3.09,CA,1722901427
247,bel ombre,-4.6167,55.4167,299.06,83,40,6.17,SC,1722901428
248,cidreira,-30.1811,-50.2056,289.19,98,94,4.76,BR,1722900831
249,barclayville,4.6797,-8.2339,296.71,89,90,1.94,LR,1722901430
250,souillac,-20.5167,57.5167,291.12,88,20,2.57,MU,1722901431
251,maragogi,-9.0122,-35.2225,296.6,73,21,4.96,BR,1722901432
252,prieska,-29.6641,22.7474,279.19,31,0,0.89,ZA,1722901433
253,hirara,24.8,125.2833,301.3,94,75,5.66,JP,1722900888
254,tromso,69.6496,18.957,287.16,82,96,1.03,NO,1722901435
255,prado,-17.3411,-39.2208,295.1,78,0,2.06,BR,1722901436
256,al jawf,29.5,38.75,298.53,22,2,3.0,SA,1722901437
257,kodiak,57.79,-152.4072,285.88,100,100,7.2,US,1722901438
258,suihua,46.6406,126.9969,297.98,86,99,3.94,CN,1722901439
259,isangel,-19.55,169.2667,296.21,64,40,1.03,VU,1722901440
260,whitehorse,60.7161,-135.0538,300.38,28,20,2.06,CA,1722901442
261,beitbridge,-22.2167,30.0,289.51,82,2,9.11,ZW,1722901443
262,valderice,38.0401,12.6151,299.7,94,0,1.03,IT,1722901444
263,longonjo,-12.9067,15.2533,289.09,59,6,0.7,AO,1722901445
264,port blair,11.6667,92.75,299.17,94,75,1.03,IN,1722901446
265,el salto,20.3333,-104.5,292.64,93,98,1.96,MX,1722901447
266,santeramo in colle,40.793,16.7553,294.92,64,0,1.54,IT,1722901448
267,thohoyandou,-22.9456,30.485,287.71,88,72,3.78,ZA,1722901449
268,okhotsk,59.3833,143.3,284.9,88,100,9.61,RU,1722901450
269,opuwo,-18.0607,13.84,289.82,33,0,1.15,NA,1722901451
270,klaksvik,62.2266,-6.589,284.66,94,1,5.67,FO,1722901452
271,kolonia,50.9333,6.95,292.57,82,0,1.54,DE,1722901453
272,callao,-12.0667,-77.15,291.33,77,40,4.63,PE,1722901454
273,lebu,-37.6167,-73.65,280.59,86,52,2.48,CL,1722901441
274,'ali sabieh,11.1558,42.7125,306.22,68,100,3.55,DJ,1722901457
275,kavaratti,10.5669,72.642,300.61,84,100,5.8,IN,1722901007
276,conde,-7.2597,-34.9075,295.85,83,0,2.57,BR,1722901431
277,tosya,41.0155,34.0401,289.51,87,37,1.21,TR,1722901460
278,port augusta,-32.5,137.7667,285.92,58,49,2.32,AU,1722901461
279,berdigestyakh,62.0989,126.6992,286.99,94,100,1.95,RU,1722901462
280,dattapur,20.7667,78.1667,297.78,91,83,4.53,IN,1722901463
281,gebeit,21.0667,36.3167,298.36,68,96,1.37,SD,1722901464
282,kholmsk,47.0511,142.0569,291.77,86,100,1.55,RU,1722901465
283,de aar,-30.6497,24.0123,278.96,31,0,1.64,ZA,1722901466
284,bang saphan,11.2126,99.5117,298.73,89,87,1.47,TH,1722901467
285,port shepstone,-30.7414,30.455,286.44,77,9,2.1,ZA,1722901468
286,tshabong,-26.05,22.45,280.06,38,0,3.05,BW,1722900961
287,newman,37.3138,-121.0208,311.34,8,18,3.13,US,1722901470
288,iskateley,67.6803,53.1512,277.46,85,8,4.25,RU,1722901471
289,bloemfontein,-29.1211,26.214,271.86,74,0,0.51,ZA,1722901473
290,aracataca,10.5918,-74.1898,300.16,78,90,0.94,CO,1722901474
291,new norfolk,-42.7826,147.0587,284.87,88,100,2.8,AU,1722901475
292,banda aceh,5.5577,95.3222,299.98,80,79,4.55,ID,1722901476
293,hampton bays,40.869,-72.5176,299.23,88,20,3.6,US,1722901477
294,rabaul,-4.1967,152.1721,301.82,72,99,4.75,PG,1722901478
295,nouadhibou,20.931,-17.0347,295.14,88,20,6.69,MR,1722901479
296,maasin,10.1336,124.8447,300.61,76,91,3.25,PH,1722901480
297,lazaro cardenas,17.9583,-102.2,301.8,76,100,1.21,MX,1722901021
298,baud,20.8333,84.3167,298.66,93,100,1.69,IN,1722901482
299,payyannur,12.1,75.2,297.84,90,100,2.35,IN,1722901483
300,tolanaro,-25.0319,46.9987,292.19,77,0,1.03,MG,1722901484
301,sao felipe,-14.8167,-41.3833,294.33,62,100,2.69,BR,1722901486
302,nuuk,64.1835,-51.7216,283.49,76,100,2.06,GL,1722901487
303,vila franca do campo,37.7167,-25.4333,297.38,92,59,2.4,PT,1722901488
304,fort st. john,56.2499,-120.8529,289.09,72,75,5.14,CA,1722901489
305,san patricio,28.017,-97.5169,306.09,51,51,6.58,US,1722901033
306,carnarvon,-24.8667,113.6333,290.1,62,1,2.21,AU,1722901491
307,caleta de carquin,-11.0925,-77.6267,290.26,83,25,5.81,PE,1722901492
308,kamaishi,39.2667,141.8833,299.7,79,21,1.27,JP,1722901493
309,nova sintra,14.8667,-24.7167,299.38,83,54,2.93,CV,1722901495
310,neya,58.2972,43.8681,286.59,98,45,1.94,RU,1722901496
311,sechura,-5.5569,-80.8222,291.85,72,1,7.76,PE,1722901497
312,westport,41.1415,-73.3579,301.09,74,33,2.24,US,1722901498
313,kapuskasing,49.4169,-82.4331,293.15,49,20,3.6,CA,1722901382
314,puerto deseado,-47.7503,-65.8938,277.48,78,100,7.05,AR,1722900995
315,tazovsky,67.4667,78.7,279.13,77,47,6.0,RU,1722901008
316,sisimiut,66.9395,-53.6735,279.1,82,68,0.91,GL,1722901347
317,suoyarvi,62.0833,32.35,285.22,96,99,1.82,RU,1722901503
318,molochnoye,59.2917,39.6787,285.87,99,38,2.64,RU,1722901504
319,grand baie,-20.0182,57.5802,292.84,84,8,0.89,MU,1722901505
320,panama city beach,30.1766,-85.8055,304.82,74,100,2.68,US,1722901507
321,punta del este,-34.9667,-54.95,289.21,94,100,5.14,UY,1722901508
322,punta cana,18.5818,-68.4043,302.02,84,40,5.14,DO,1722901509
323,kirakira,-10.4544,161.9205,300.26,80,100,5.38,SB,1722901510
324,saint-pierre,-21.3393,55.4781,291.97,55,0,4.63,RE,1722901512
325,goynuk,40.4003,30.7883,288.5,88,0,1.18,TR,1722901513
326,turinsk,58.0458,63.696,288.65,99,100,2.57,RU,1722901514
327,shira,54.4911,89.9531,287.09,93,100,1.16,RU,1722901515
328,toba,34.4833,136.85,302.15,77,13,0.98,JP,1722901516
329,cill airne,52.05,-9.5167,283.52,96,15,2.34,IE,1722901517
330,kavieng,-2.5744,150.7967,301.49,75,95,5.0,PG,1722901519
331,gufeng,26.9083,118.9819,297.48,83,34,0.88,CN,1722901520
332,dalnegorsk,44.5604,135.5701,296.97,66,53,1.6,RU,1722901521
333,fray luis beltran,-39.3167,-65.7667,286.56,43,97,4.09,AR,1722901522
334,svoge,42.9667,23.35,291.64,70,62,1.15,BG,1722901523
335,crane,31.3974,-102.3501,307.96,28,45,6.54,US,1722901524
336,chernyshevsk,52.5243,117.0174,292.14,67,34,1.47,RU,1722901526
337,ebon,4.582,168.6964,301.76,72,21,4.36,MH,1722901527
338,margaret river,-33.95,115.0667,289.29,86,100,9.64,AU,1722901528
339,khuzdar,27.7384,66.6434,298.25,76,80,0.96,PK,1722901529
340,yuzhno-kurilsk,44.0306,145.8556,290.16,99,100,2.7,RU,1722901530
341,fayroz koh,34.5195,65.2509,285.77,40,0,0.7,AF,1722901532
342,salalah,17.0151,54.0924,298.2,94,100,1.54,OM,1722901533
343,as sulayyil,20.4607,45.5779,306.29,21,100,2.57,SA,1722901534
344,bismarck,46.8083,-100.7837,292.06,74,100,5.14,US,1722901327
345,sumbe,-11.2061,13.8437,292.59,94,38,1.61,AO,1722901536
346,cockburn town,21.4612,-71.1419,301.41,84,5,7.78,TC,1722901538
347,greymouth,-42.4667,171.2,284.36,68,10,0.26,NZ,1722900956
348,at taj,24.2049,23.2857,301.94,19,1,4.42,LY,1722901540
349,cliffside park,40.8215,-73.9876,302.9,69,40,4.63,US,1722901383
350,hawera,-39.5917,174.2833,285.42,66,56,3.41,NZ,1722901542
351,aguada de pasajeros,22.385,-80.8508,300.98,78,98,1.44,CU,1722901543
352,chlumec nad cidlinou,50.1544,15.4603,285.41,91,2,0.71,CZ,1722901544
353,wanning,18.8003,110.3967,300.74,85,62,3.01,CN,1722901545
354,cide,41.8921,33.0044,293.63,83,4,2.29,TR,1722901546
355,taro,-8.3862,115.28,295.15,89,77,1.0,ID,1722901547
356,san sebastian de la gomera,28.0916,-17.1133,296.69,83,0,2.57,ES,1722901548
357,bubaque,11.2833,-15.8333,299.72,83,100,6.47,GW,1722901023
358,nizhneangarsk,55.7833,109.55,288.07,68,7,1.02,RU,1722901551
359,ma'rib,15.4591,45.3253,304.24,34,90,3.58,YE,1722901552
360,nadym,65.5333,72.5167,280.92,71,47,5.25,RU,1722901553
361,bargaal,11.2864,51.0773,299.84,71,32,8.27,SO,1722901554
362,zag,46.9441,99.165,288.98,42,50,0.95,MN,1722901555
363,muar,2.0442,102.5689,298.17,85,86,2.72,MY,1722901556
364,minas de marcona,-15.2119,-75.1103,283.83,87,7,5.87,PE,1722901557
365,tadine,-21.55,167.8833,294.73,57,9,5.95,NC,1722901558
366,bordj zemoura,36.2746,4.8567,294.88,31,0,0.69,DZ,1722901559
367,cuyo,10.8525,121.0086,301.24,80,100,5.93,PH,1722901561
368,murom,55.5656,42.0417,289.26,82,69,2.25,RU,1722901562
369,pangkalanbuun,-2.6833,111.6167,298.12,81,84,1.33,ID,1722901563
370,basoko,1.2391,23.616,295.91,85,70,0.35,CD,1722901564
371,antsiranana,-12.2787,49.2917,294.9,74,6,5.47,MG,1722901565
372,monte argentario,42.4345,11.1195,297.03,69,7,2.57,IT,1722901566
373,kalevala,65.2,31.1667,282.69,88,88,1.02,RU,1722901567
374,leninskoye,41.7589,69.3864,294.55,30,0,2.12,KZ,1722901568
375,novaya igirma,57.1334,103.9112,290.51,59,5,0.64,RU,1722901569
376,sao paulo de olivenca,-3.3783,-68.8725,299.93,76,98,1.29,BR,1722901570
377,kudahuvadhoo,2.6708,72.8944,301.73,73,100,2.63,MV,1722901571
378,tongchuan,35.0806,109.0897,298.98,73,0,1.56,CN,1722901572
379,sienna plantation,29.4861,-95.508,307.58,71,47,1.34,US,1722901573
380,amga,60.8953,131.9608,282.85,97,100,3.02,RU,1722901574
381,remire-montjoly,4.9167,-52.2667,300.17,83,0,1.03,GF,1722901575
382,mariinsk,56.2139,87.7472,288.22,94,99,2.69,RU,1722901576
383,tokar,18.4254,37.729,305.44,53,87,11.23,SD,1722901578
384,hithadhoo,-0.6,73.0833,301.39,75,100,1.87,MV,1722901579
385,sterlibashevo,53.4376,55.2578,289.42,91,96,1.04,RU,1722901580
386,daru,-9.0763,143.2092,297.88,88,100,6.51,PG,1722901581
387,novokayakent,42.3937,47.9861,298.82,73,64,3.28,RU,1722901583
388,guisa,20.255,-76.5386,299.53,87,100,0.59,CU,1722901584
389,aykhal,66.0,111.5,282.6,74,85,6.38,RU,1722901388
390,ruscova,47.7883,24.2808,287.66,94,94,1.9,RO,1722901586
391,farah,32.5,62.5,302.97,15,0,2.1,AF,1722901587
392,paramaribo,5.8667,-55.1667,302.1,79,20,3.09,SR,1722901588
393,eraan,9.0629,117.7016,300.6,80,87,1.24,PH,1722901589
394,ponta delgada,37.7333,-25.6667,297.55,88,40,2.06,PT,1722901590
395,harper,4.375,-7.7169,296.66,89,100,1.32,LR,1722901592
396,howrah,22.5892,88.3103,301.15,100,75,1.54,IN,1722901593
397,tengrela,10.4869,-6.4097,294.73,98,93,1.39,CI,1722901594
398,happy valley-goose bay,53.3168,-60.3315,295.32,43,40,3.09,CA,1722901595
399,rio grande,-32.035,-52.0986,291.21,95,76,6.98,BR,1722901261
400,bandarbeyla,9.4942,50.8122,298.0,78,77,11.69,SO,1722901597
401,sylvan lake,52.3168,-114.0853,293.91,60,75,3.09,CA,1722901599
402,igrim,63.1906,64.4162,283.61,73,100,4.41,RU,1722901600
403,bowen,-20.0167,148.2333,294.02,73,46,4.26,AU,1722901601
404,acapulco de juarez,16.8634,-99.8901,303.05,70,40,2.57,MX,1722901602
405,vadso,70.0744,29.7487,283.64,93,100,3.6,NO,1722901603
406,kilimatinde,-5.85,34.95,290.39,58,1,2.13,TZ,1722901604
407,xining,36.6167,101.7667,289.67,74,90,0.5,CN,1722901605
408,bullhead city,35.1478,-114.5683,318.75,18,98,2.68,US,1722901607
409,suva,-18.1416,178.4415,297.86,53,20,3.6,FJ,1722901608
410,rawalpindi,33.6007,73.0679,302.17,84,50,2.17,PK,1722901609
411,nantucket,41.2835,-70.0995,298.72,88,0,3.09,US,1722901341
412,mont-laurier,46.5501,-75.4993,289.94,94,63,1.39,CA,1722901611
413,siwa oasis,29.2041,25.5195,303.54,38,0,2.92,EG,1722901612
414,qrendi,35.8347,14.4583,299.88,83,20,1.54,MT,1722901614
415,taltal,-25.4,-70.4833,288.4,68,12,1.31,CL,1722901615
416,ribeira brava,32.65,-17.0667,297.5,76,25,2.35,PT,1722901616
417,kiunga,-6.1219,141.2906,297.0,94,93,1.64,PG,1722901617
418,grybow,49.6244,20.948,288.53,96,94,1.68,PL,1722901619
419,urumqi,43.801,87.6005,296.68,41,100,2.0,CN,1722901620
420,lautoka,-17.6167,177.4667,299.07,44,20,4.63,FJ,1722901622
421,guadalupe y calvo,26.1,-106.9667,288.51,86,98,2.05,MX,1722901623
422,wuwei,37.9281,102.6414,298.34,32,94,6.84,CN,1722901624
423,dondo,-19.6094,34.7431,295.88,97,21,1.62,MZ,1722901625
424,praia da vitoria,38.7333,-27.0667,298.29,83,20,1.6,PT,1722901626
425,ciudad lazaro cardenas,17.9583,-102.2,301.8,76,100,1.21,MX,1722901377
426,north battleford,52.7834,-108.2847,292.2,72,75,7.72,CA,1722901628
427,chatelaillon-plage,46.0719,-1.0893,293.24,89,0,2.06,FR,1722901629
428,olyokminsk,60.3736,120.4264,290.5,74,33,0.54,RU,1722901630
429,ciro marina,39.3732,17.126,300.11,56,0,2.21,IT,1722901631
430,bellevue,47.6104,-122.2007,301.54,52,0,3.6,US,1722901525
431,port lincoln,-34.7333,135.8667,285.31,80,68,5.51,AU,1722901633
432,szabadszallas,46.8758,19.2232,290.39,74,65,3.97,HU,1722901634
433,tosontsengel,48.7567,98.2839,287.08,54,66,2.06,MN,1722901635
434,guerrero negro,27.9769,-114.0611,297.57,66,90,6.95,MX,1722901636
435,malvan,16.0667,73.4667,299.09,89,86,5.15,IN,1722901637
436,linshui,36.4247,114.2047,301.08,80,11,1.39,CN,1722901638
437,sao jose da coroa grande,-8.8978,-35.1478,297.21,71,19,5.39,BR,1722901380
438,urucara,-2.5364,-57.76,299.91,45,2,1.84,BR,1722901641
439,arteche,12.2645,125.4048,300.31,87,100,1.38,PH,1722901642
440,quepos,9.4236,-84.1652,299.61,84,81,0.8,CR,1722901643
441,san rafael,-34.6177,-68.3301,286.16,27,64,9.47,AR,1722901644
442,pacific grove,36.6177,-121.9166,296.97,84,40,4.63,US,1722901645
443,aleshtar,33.8633,48.2619,293.17,30,2,0.51,IR,1722901646
444,baihar,22.1,80.55,295.61,98,96,1.14,IN,1722901647
445,coahuayana de hidalgo,18.7,-103.6583,302.79,75,98,3.09,MX,1722901648
446,sinabang,2.4803,96.3801,298.81,81,96,0.51,ID,1722901363
447,santa rosalia,27.3167,-112.2833,306.03,49,19,1.75,MX,1722901650
448,mount gambier,-37.8333,140.7667,282.92,87,88,3.83,AU,1722901651
449,emerald,-23.5333,148.1667,291.12,77,82,1.72,AU,1722901652
450,usinsk,65.9939,57.5281,279.75,72,34,5.95,RU,1722901653
451,puspokladany,47.3167,21.1167,288.26,86,34,0.21,HU,1722901654
452,weno,7.4515,151.8468,302.12,84,75,1.54,FM,1722901655
453,al mijlad,11.0333,27.7333,299.49,67,85,5.35,SD,1722901656
454,bosaso,11.2842,49.1816,303.48,67,100,1.04,SO,1722901658
455,pomichna,48.2422,31.4158,291.15,46,96,1.84,UA,1722901659
456,yanchep,-31.55,115.6833,285.49,85,5,4.92,AU,1722901660
457,salinas,36.6777,-121.6555,299.24,72,0,7.72,US,1722901661
458,mabaruma,8.2,-59.7833,298.71,86,100,1.5,GY,1722901662
459,narayanganj,23.6233,90.5011,300.16,90,100,2.1,BD,1722901663
460,sierra grande,-41.606,-65.3557,283.12,66,100,2.9,AR,1722901664
461,mezhdurechenskiy,59.6,65.9333,289.76,81,67,2.0,RU,1722901665
462,barcelos,41.5388,-8.6151,291.31,96,1,1.56,PT,1722901666
463,sabinanigo,42.5192,-0.3661,296.33,64,2,2.29,ES,1722901667
464,dhuusamarreeb,5.535,46.3861,296.14,71,62,8.6,SO,1722901668
465,luanda,-8.8368,13.2343,293.15,94,20,1.03,AO,1722901669
466,jiuquan,39.7432,98.5174,299.64,24,76,3.99,CN,1722901670
467,rabo de peixe,37.8,-25.5833,296.88,88,40,2.06,PT,1722901671
468,vuktyl,63.8567,57.3094,284.36,69,96,3.58,RU,1722901672
469,ouesso,1.6136,16.0517,294.37,91,64,0.94,CG,1722901673
470,carnoustie,56.5014,-2.7091,291.52,88,75,2.57,GB,1722901675
471,anna regina,7.2644,-58.5077,300.34,79,70,3.8,GY,1722901676
472,coquimbo,-29.9533,-71.3436,285.36,73,0,2.57,CL,1722901396
473,karatau,43.1667,70.4667,295.64,29,4,3.7,KZ,1722901678
474,tual,-5.6667,132.75,298.51,85,77,8.5,ID,1722901679
475,ketchikan,55.3422,-131.6461,291.39,72,24,0.76,US,1722901634
476,aqadyr,48.2553,72.8483,292.28,45,100,1.38,KZ,1722901681
477,az zahiriyah,31.4097,34.9733,295.01,77,0,1.55,PS,1722901682
478,huarmey,-10.0681,-78.1522,289.64,86,2,7.26,PE,1722901683
479,rehoboth,-23.3167,17.0833,281.68,38,0,0.99,NA,1722901684
480,garachico,28.7781,-17.7646,294.21,68,0,5.66,ES,1722901685
481,soja,34.6667,133.75,306.39,75,75,2.06,JP,1722901686
482,quelimane,-17.8786,36.8883,295.12,94,0,2.68,MZ,1722901687
483,al mahwit,15.4701,43.5448,291.04,72,100,1.01,YE,1722901688
484,tibanbang,6.6315,126.1055,300.84,79,96,0.77,PH,1722901689
485,lomo de arico,28.1667,-16.4833,294.52,75,75,2.57,ES,1722901691
486,twentynine palms,34.1356,-116.0542,316.23,17,11,1.79,US,1722901692
487,galliano,29.4422,-90.2992,306.15,66,0,2.06,US,1722901694
488,port hedland,-20.3167,118.5667,288.18,72,99,3.6,AU,1722901695
489,katsuura,35.1333,140.3,300.01,83,8,3.31,JP,1722901649
490,al muwayh,22.4333,41.7583,301.29,54,100,6.68,SA,1722901697
491,cimin,39.7101,39.7021,290.19,52,0,1.03,TR,1722901698
492,dwarka,22.2394,68.9678,300.84,86,100,9.25,IN,1722901699
493,poshekhon'ye,58.4993,39.1353,286.3,99,31,1.9,RU,1722901700
494,mandalay,21.9747,96.0836,297.84,92,100,3.29,MM,1722901701
495,kukawa,12.9234,13.5606,297.97,81,100,2.36,NG,1722901702
496,alotau,-10.3069,150.4462,297.21,94,100,2.08,PG,1722901703
497,loango,-4.6719,11.8312,295.96,78,100,1.54,CG,1722901704
498,armacao de buzios,-22.7469,-41.8817,297.18,86,0,9.33,BR,1722901540
499,emporia,38.4039,-96.1817,310.26,26,0,4.63,US,1722901706
500,coronel suarez,-37.4547,-61.9334,282.56,85,92,2.58,AR,1722901707
501,nizhniy kuranakh,58.8353,125.4869,284.82,98,100,1.41,RU,1722901708
502,gaffney,35.0718,-81.6498,300.82,73,100,4.03,US,1722901709
503,franklin,39.9667,-83.0166,304.89,61,0,4.63,US,1722901115
504,malanje,-9.5402,16.341,290.94,78,24,3.28,AO,1722901711
505,mossel bay,-34.1831,22.146,283.11,63,0,1.3,ZA,1722901713
506,pitimbu,-7.4706,-34.8086,296.48,77,15,6.09,BR,1722901715
507,una,20.8167,71.0333,299.84,86,100,5.93,IN,1722901716
508,sason,38.3364,41.413,301.12,16,0,4.06,TR,1722901717
509,island harbour,50.724,-1.2758,292.16,79,89,1.34,GB,1722901718
510,san antonio de pale,-1.4014,5.6325,295.1,75,100,4.49,GQ,1722901426
511,badiyah,22.45,58.8,300.93,61,99,5.27,OM,1722901720
512,berezovyy,51.6667,135.7,298.95,70,100,1.95,RU,1722901721
513,luba,3.4568,8.5547,298.09,90,100,4.08,GQ,1722901722
514,tselinnoye,53.0833,85.6667,287.49,95,48,2.83,RU,1722901723
515,hutchinson island south,27.2995,-80.2205,302.62,88,100,3.58,US,1722901724
516,chapaev,50.2,51.1667,295.2,67,89,1.96,KZ,1722901725
517,princeton,25.5384,-80.4089,304.27,75,0,5.14,US,1722901726
518,pagar alam,-4.0167,103.2667,293.29,84,48,0.83,ID,1722901727
519,priargunsk,50.3691,119.1012,294.44,67,66,1.12,RU,1722901729
520,la sarre,48.8002,-79.1996,288.62,62,66,2.41,CA,1722901730
521,ada,43.4166,-116.1262,306.49,58,40,5.14,US,1722901731
522,oranjemund,-28.55,16.4333,285.36,81,0,8.97,NA,1722901732
523,kailua-kona,19.6406,-155.9956,301.13,82,40,4.12,US,1722901611
524,kayangel,8.0823,134.7173,302.01,74,100,3.66,PW,1722901734
525,saint-philippe,-21.3585,55.7679,291.92,79,54,1.66,RE,1722901735
526,san andres,12.5847,-81.7006,303.16,79,20,4.63,CO,1722901736
527,careiro da varzea,-3.2003,-59.8119,304.5,43,38,1.98,BR,1722901737
528,plastun,44.7561,136.2939,293.61,61,28,1.9,RU,1722901738
529,pak phanang,8.3511,100.202,298.16,83,98,1.59,TH,1722901739
530,humaita,-7.5061,-63.0208,301.01,34,4,1.14,BR,1722901740
531,ancud,-41.8697,-73.8203,280.78,85,100,11.32,CL,1722901741
532,porto seguro,-16.4497,-39.0647,296.44,73,20,1.03,BR,1722901507
533,iwye,53.9299,25.7727,287.92,92,99,0.13,BY,1722901744
534,heihe,50.2441,127.4902,296.47,64,0,1.39,CN,1722901745
535,kalpatta,11.6106,76.0822,292.97,99,100,0.81,IN,1722901746
536,rancho santa margarita,33.6409,-117.6031,312.53,38,59,2.24,US,1722901747
537,chul'man,56.8479,124.9104,285.03,98,100,4.17,RU,1722901748
538,geraldton,-28.7667,114.6,282.38,87,0,6.69,AU,1722901488
539,ipameri,-17.7219,-48.1597,294.23,42,22,3.37,BR,1722901750
540,tanjung pandan,-2.75,107.65,298.91,81,72,3.38,ID,1722901751
541,illizi,26.4833,8.4667,305.04,24,0,3.05,DZ,1722901753
542,carutapera,-1.195,-46.02,298.99,80,23,3.94,BR,1722901754
543,acarau,-2.8856,-40.12,298.45,80,99,7.57,BR,1722901755
544,urangan,-25.3,152.9,291.66,80,46,3.76,AU,1722901756
545,salahonda,2.1019,-78.7217,299.26,81,94,5.24,CO,1722901757
546,bikenibeu village,1.3673,173.1241,302.29,65,76,5.13,KI,1722901758
547,isla mujeres,21.2311,-86.731,304.18,82,54,3.66,MX,1722901759
548,arno,60.1167,18.6333,290.81,94,5,2.32,SE,1722901760
549,tomatlan,19.9333,-105.25,299.88,86,86,1.35,MX,1722901762
550,flin flon,54.7682,-101.865,296.06,38,100,3.6,CA,1722901763
551,woolgoolga,-30.1106,153.2007,289.28,79,75,2.87,AU,1722901764
552,merizo village,13.2658,144.6691,303.14,84,97,2.04,GU,1722901765
553,sao tome,0.3365,6.7273,296.39,83,58,6.88,ST,1722901766
